Num_Acc;id_vehicule;num_veh;senc;catv;obs;obsm;choc;manv;motor;occutc
202100000305;201 174;A01;0;7;0;1;1;1;1;
202100000451;200 899;B01;1;7;0;2;2;2;1;
202100000451;200 900;A01;1;1;0;0;4;0;5;
202100000655;200 540;A01;1;31;0;9;1;1;1;
202100000655;200 541;B01;2;2;0;9;8;15;1;
202100000741;200 391;B01;3;30;1;0;0;1;1;
202100000741;200 392;A01;3;7;0;2;2;24;1;
202100000742;200 389;A01;1;7;0;2;1;1;1;
202100000742;200 390;B01;3;50;0;2;1;25;3;
202100000804;200 281;A01;1;7;13;0;1;0;1;
202100000840;200 228;B01;1;34;0;2;3;0;1;
202100000840;200 229;A01;2;7;0;9;6;15;1;
202100000931;200 085;B01;1;30;0;0;0;0;1;
202100000933;200 082;B01;1;7;0;0;0;0;0;
202100000933;200 083;A01;1;7;13;0;1;1;1;
202100000934;200 079;B01;3;2;0;2;1;17;0;
202100000934;200 080;A01;3;7;0;2;3;15;1;
202100000935;200 078;A01;1;7;0;0;0;17;1;
202100000966;200 027;A01;2;7;0;2;3;15;0;
202100000966;200 028;B01;1;2;0;2;1;0;0;
202100001153;199 711;A01;2;7;15;2;1;1;1;
202100001153;199 712;B01;2;7;6;2;7;1;1;
202100001154;199 709;B01;1;10;0;2;6;15;1;
202100001154;199 710;A01;1;7;0;2;1;13;1;
202100001155;199 707;A01;1;30;0;2;4;2;1;
202100001155;199 708;Z01;1;2;0;0;0;0;0;
202100001271;199 489;A01;3;7;0;2;5;1;1;
202100001271;199 490;B01;3;2;0;2;1;2;1;
202100001364;199 326;B01;1;7;0;2;3;6;0;
202100001364;199 327;A01;1;32;0;2;2;1;1;
202100001420;199 240;A01;3;7;0;1;4;4;1;
202100001441;199 206;C01;3;7;1;2;0;0;1;
202100001441;199 207;B01;1;7;0;2;6;1;1;
202100001441;199 208;A01;1;30;0;2;1;1;1;
202100001541;199 048;A01;1;10;0;2;1;2;1;
202100001541;199 049;B01;1;50;0;2;8;15;3;
202100001542;199 046;B01;2;7;0;2;1;2;1;
202100001542;199 047;A01;1;7;0;0;4;2;1;
202100001569;199 006;A01;2;7;0;2;3;13;1;
202100001569;199 007;B01;1;7;0;2;3;1;1;
202100001570;199 004;A01;0;30;0;2;1;9;1;
202100001570;199 005;B01;2;30;0;2;8;1;1;
202100001690;198 770;B01;1;7;0;2;5;2;1;
202100001690;198 771;A01;1;7;0;2;3;14;1;
202100001834;198 519;A01;1;30;0;2;1;1;1;
202100001834;198 520;B01;1;7;0;2;4;2;1;
202100002120;198 006;A01;2;7;0;2;1;0;1;
202100002120;198 007;B01;1;7;0;2;1;1;1;
202100002120;198 008;C01;2;7;0;2;6;0;1;
202100002121;198 004;B01;3;30;0;2;1;1;1;
202100002121;198 005;A01;3;30;0;2;1;1;1;
202100002224;197 813;A01;1;7;0;2;4;2;1;
202100002224;197 814;B01;1;33;0;2;1;2;1;
202100002360;197 563;A01;1;10;0;2;2;1;1;
202100002360;197 564;B01;1;7;0;2;6;1;1;
202100002527;197 260;A01;1;34;0;2;1;1;1;
202100002527;197 261;B01;2;7;0;2;5;15;1;
202100002571;197 188;A01;1;7;0;1;1;26;1;
202100002572;197 186;A01;1;7;0;2;2;15;1;
202100002572;197 187;B01;2;2;0;2;8;1;1;
202100002731;196 888;A01;2;2;0;2;1;1;1;
202100002731;196 889;B01;2;7;0;9;5;16;1;
202100002732;196 886;A01;1;7;0;2;2;15;1;
202100002732;196 887;B01;1;2;0;2;1;1;1;
202100002856;196 674;A01;1;2;0;2;1;14;1;
202100002856;196 675;B01;1;99;0;0;7;15;1;
202100003013;196 391;B01;2;7;0;2;6;10;1;
202100003013;196 392;A01;2;7;0;2;1;1;1;
202100003061;196 288;A01;1;7;8;0;1;14;1;
202100003062;196 286;B01;1;2;0;2;7;16;1;
202100003062;196 287;A01;1;7;0;2;8;16;1;
202100003198;196 054;C01;1;7;0;2;3;15;1;
202100003198;196 055;B01;2;2;0;2;1;1;1;
202100003198;196 056;A01;1;7;0;2;3;15;1;
202100003230;195 997;B01;2;2;0;2;1;1;1;
202100003230;195 998;A01;1;7;0;2;8;9;1;
202100003391;195 699;A01;1;30;0;2;7;17;1;
202100003391;195 700;B01;1;7;0;2;8;15;1;
202100003392;195 698;A01;1;7;0;1;7;1;1;
202100003546;195 406;A01;1;30;0;1;1;17;1;
202100003959;194 672;A01;1;7;0;2;1;1;1;
202100003959;194 673;B01;2;7;0;2;7;1;1;
202100003960;194 668;A01;3;7;1;0;1;13;1;
202100003960;194 669;B01;1;7;0;2;6;24;1;
202100003960;194 670;C01;3;7;1;2;8;24;1;
202100003960;194 671;D01;2;7;1;2;8;24;1;
202100003961;194 667;A01;1;30;0;1;0;1;1;
202100004501;193 723;A01;1;7;0;1;1;9;1;
202100004504;193 718;B01;2;32;0;2;2;15;1;
202100004504;193 719;A01;2;10;0;2;3;15;1;
202100004671;193 427;B01;1;7;0;2;8;0;1;
202100004671;193 428;A01;1;7;0;2;1;26;1;
202100004672;193 425;A01;3;7;0;2;8;26;1;
202100004672;193 426;B01;3;30;0;2;1;19;1;
202100004673;193 423;A01;1;7;0;2;1;13;1;
202100004673;193 424;B01;2;7;0;2;3;1;1;
202100004674;193 421;B01;1;7;0;2;7;16;1;
202100004674;193 422;A01;1;2;0;2;1;2;1;
202100004675;193 419;A01;1;7;0;2;8;10;1;
202100004675;193 420;B01;2;31;0;2;1;1;1;
202100004676;193 417;A01;2;7;0;2;2;15;1;
202100004676;193 418;B01;1;32;0;2;1;1;1;
202100004677;193 416;A01;1;30;0;1;1;1;1;
202100004877;193 069;A01;2;7;0;2;1;1;1;
202100004877;193 070;B01;1;7;0;2;3;1;0;
202100004878;193 065;D01;1;7;0;2;1;17;1;
202100004878;193 066;C01;2;7;0;2;1;26;1;
202100004878;193 067;B01;1;7;0;0;7;26;1;
202100004878;193 068;A01;2;7;2;0;0;14;1;
202100005025;192 804;A01;3;7;0;2;3;1;1;
202100005025;192 805;B01;3;7;0;2;1;1;1;
202100005026;192 803;A01;1;30;0;1;1;12;1;
202100005027;192 801;A01;1;7;0;2;2;2;1;
202100005027;192 802;B01;1;1;0;2;3;2;0;
202100005440;192 071;A01;2;7;0;2;2;15;1;
202100005440;192 072;B01;2;50;0;2;1;17;3;
202100005447;192 058;A01;1;7;0;0;1;0;1;
202100005737;191 543;A01;2;7;0;1;2;1;1;
202100005738;191 541;B01;0;7;0;2;5;15;1;
202100005738;191 542;A01;0;31;0;2;1;18;1;
202100005739;191 540;A01;2;7;8;0;1;26;1;
202100005740;191 538;A01;1;7;1;2;2;14;1;
202100005740;191 539;B01;2;7;0;2;6;0;1;
202100005867;191 303;A01;2;7;0;2;6;11;1;
202100005867;191 304;B01;1;33;0;2;1;1;1;
202100005868;191 301;A01;1;7;0;2;3;15;1;
202100005868;191 302;B01;1;2;0;2;1;1;1;
202100005869;191 299;B01;2;2;0;2;1;1;1;
202100005869;191 300;A01;2;7;0;2;7;1;1;
202100005870;191 297;Z01;2;2;0;2;1;17;0;
202100005870;191 298;A01;1;7;0;2;3;15;2;
202100006154;190 811;B01;3;2;0;2;7;1;1;
202100006154;190 812;A01;3;7;0;2;3;9;1;
202100006163;190 795;A01;3;7;0;1;0;1;1;
202100006209;190 710;A01;1;7;9;2;1;15;1;
202100006209;190 711;B01;2;7;0;2;3;1;1;
202100006210;190 709;A01;1;2;3;0;1;9;1;
202100006524;190 141;C01;2;7;0;0;0;13;0;
202100006524;190 142;B01;2;7;0;2;3;21;1;
202100006524;190 143;A01;1;7;0;2;3;21;1;
202100006560;190 075;A01;2;7;0;2;8;15;1;
202100006560;190 076;B01;2;2;0;2;7;1;1;
202100006561;190 073;B01;2;7;0;0;8;1;1;
202100006561;190 074;A01;1;7;0;2;1;15;1;
202100006779;189 668;A01;1;17;3;0;2;2;1;
202100006780;189 666;A01;1;7;0;2;1;13;1;
202100006780;189 667;B01;2;2;0;2;1;0;1;
202100006974;189 299;A01;2;7;0;2;3;1;1;
202100006974;189 300;B01;1;7;0;2;3;1;1;
202100007137;189 012;A01;1;7;0;2;2;15;1;
202100007137;189 013;B01;2;2;0;2;1;1;3;
202100007138;189 010;A01;2;7;0;2;1;15;1;
202100007138;189 011;B01;2;30;0;2;1;11;1;
202100007139;189 009;A01;1;2;0;1;1;17;1;
202100007140;189 007;B01;1;7;0;0;8;15;1;
202100007140;189 008;A01;1;33;0;0;1;2;1;
202100007141;189 005;A01;1;7;0;2;1;15;1;
202100007141;189 006;B01;1;2;0;2;1;1;1;
202100007405;188 519;A01;1;7;0;2;3;17;1;
202100007405;188 520;B01;2;1;0;2;1;13;0;
202100007514;188 327;A01;0;7;0;9;2;15;1;
202100007514;188 328;B01;0;30;0;2;0;5;1;
202100007564;188 221;A01;1;7;0;2;7;15;1;
202100007564;188 222;B01;1;2;0;2;1;1;1;
202100007750;187 900;B01;2;2;0;2;1;1;1;
202100007750;187 901;A01;1;7;0;2;8;15;1;
202100007965;187 491;A01;1;7;0;9;5;14;1;
202100007965;187 492;B01;1;1;0;2;8;1;0;
202100007966;187 489;B01;2;2;0;2;1;1;1;
202100007966;187 490;A01;1;7;0;2;3;9;1;
202100008104;187 252;B01;1;10;0;2;3;1;1;
202100008104;187 253;A01;2;7;0;2;3;1;1;
202100008345;186 807;A01;3;2;0;2;3;19;1;
202100008345;186 808;B01;1;2;0;2;1;1;1;
202100008436;186 659;A01;2;7;0;2;1;15;1;
202100008436;186 660;B01;1;31;0;2;7;1;1;
202100008675;186 232;A01;2;7;0;9;6;10;1;
202100008675;186 233;B01;1;34;0;2;1;3;1;
202100008676;186 230;B01;1;2;0;2;3;9;1;
202100008676;186 231;A01;1;15;0;2;5;9;1;
202100008677;186 228;A01;1;7;0;2;3;10;1;
202100008677;186 229;B01;2;31;0;2;7;2;1;
202100008891;185 846;A01;1;10;0;1;3;1;1;
202100008926;185 763;A01;1;32;0;1;7;1;1;
202100009067;185 499;A01;1;14;0;2;8;13;1;
202100009067;185 500;B01;1;34;0;9;7;1;6;
202100009068;185 497;B01;1;1;0;0;0;0;0;
202100009068;185 498;A01;1;2;0;2;8;26;0;
202100009198;185 267;B01;1;2;0;2;7;1;1;
202100009198;185 268;A01;1;7;0;2;1;9;1;
202100009199;185 265;B01;1;7;0;2;1;1;1;
202100009199;185 266;A01;1;30;0;2;5;1;1;
202100009200;185 263;A01;0;7;0;2;0;0;0;
202100009200;185 264;B01;0;2;0;2;1;1;1;
202100009357;184 979;A01;1;2;0;2;1;21;1;
202100009357;184 980;B01;1;10;0;0;2;11;0;
202100009357;184 981;C01;1;7;0;2;1;1;1;
202100009400;184 898;A01;1;7;0;1;7;1;1;
202100009401;184 896;A01;2;10;0;2;1;1;1;
202100009401;184 897;B01;2;7;0;2;4;1;1;
202100009570;184 601;A01;2;7;0;2;1;15;1;
202100009570;184 602;B01;1;2;0;2;1;1;1;
202100009725;184 318;B01;2;2;0;2;7;1;1;
202100009725;184 319;A01;1;7;0;2;1;15;1;
202100009969;183 881;A01;3;7;0;1;2;26;1;
202100010129;183 593;B01;3;30;0;2;3;2;1;
202100010129;183 594;A01;3;0;0;2;2;15;0;
202100010264;183 358;B01;1;2;0;2;7;17;1;
202100010264;183 359;A01;1;7;0;2;3;15;1;
202100010423;183 093;A01;1;7;0;2;1;17;1;
202100010423;183 094;B01;1;2;0;2;7;19;1;
202100010469;183 009;B01;1;2;0;2;1;18;1;
202100010469;183 010;A01;2;7;0;2;5;0;1;
202100010681;182 626;B01;1;7;0;2;8;1;1;
202100010681;182 627;A01;1;14;0;2;7;17;1;
202100010682;182 625;A01;1;7;0;1;1;11;1;
202100010996;182 070;B01;0;1;0;2;1;9;5;
202100010996;182 071;A01;0;7;0;2;3;0;1;
202100011344;181 451;A01;2;7;0;2;8;19;1;
202100011344;181 452;B01;2;7;0;2;1;1;1;
202100011348;181 445;A01;2;7;0;2;7;1;1;
202100011349;181 443;A01;1;7;0;2;6;9;1;
202100011349;181 444;B01;1;32;0;2;3;1;1;
202100011350;181 441;B01;1;2;0;2;8;17;1;
202100011350;181 442;A01;1;7;0;2;7;1;1;
202100011524;181 118;B01;1;7;0;2;7;9;1;
202100011524;181 119;A01;1;2;0;2;8;17;1;
202100011525;181 116;B01;1;2;0;0;0;0;1;
202100011525;181 117;A01;1;7;0;2;6;15;1;
202100011719;180 780;B01;2;7;0;2;3;1;1;
202100011719;180 781;A01;1;7;0;2;6;5;1;
202100011967;180 328;A01;1;2;0;2;1;1;1;
202100011967;180 329;B01;1;1;0;2;7;19;0;
202100011968;180 326;B01;2;10;0;2;3;15;1;
202100011968;180 327;A01;2;30;0;2;7;17;1;
202100012378;179 587;B01;3;32;0;2;1;17;1;
202100012378;179 588;A01;2;7;0;2;1;15;1;
202100012379;179 584;C01;2;10;0;2;2;1;1;
202100012379;179 585;B01;1;2;0;2;1;17;1;
202100012379;179 586;A01;2;7;0;2;1;15;1;
202100012618;179 158;A01;1;30;1;0;1;1;1;
202100012618;179 159;B01;1;7;0;2;4;23;1;
202100012619;179 155;B01;2;7;0;2;3;1;1;
202100012619;179 156;C01;1;7;0;2;1;1;1;
202100012619;179 157;A01;2;7;0;2;1;15;1;
202100012805;178 830;SA01;2;2;0;2;0;0;0;
202100012806;178 829;A01;2;50;0;0;1;15;3;
202100012807;178 828;A01;1;7;0;1;3;1;1;
202100012808;178 826;B01;1;2;1;0;2;1;1;
202100012808;178 827;A01;1;7;0;2;3;22;1;
202100012969;178 557;A01;3;34;8;0;1;2;1;
202100013023;178 469;Z01;1;1;0;1;0;0;5;
202100013349;177 888;A01;1;31;0;2;1;5;1;
202100013349;177 889;B01;1;10;0;2;3;15;1;
202100013770;177 097;A01;1;7;2;0;2;0;1;
202100013771;177 095;A01;1;1;0;2;0;10;5;
202100013771;177 096;B01;1;32;0;2;8;21;1;
202100013808;177 014;B01;1;2;0;2;4;1;1;
202100013808;177 015;A01;1;10;0;2;1;9;1;
202100013809;177 012;B01;1;1;0;2;8;1;5;
202100013809;177 013;A01;2;10;0;2;1;15;1;
202100014062;176 561;A01;1;7;0;1;2;2;1;
202100014123;176 442;B01;1;7;0;2;5;21;1;
202100014123;176 443;A01;1;30;0;2;1;1;1;
202100014124;176 440;A01;2;7;0;9;8;1;1;
202100014124;176 441;B01;1;1;0;2;1;19;5;
202100014125;176 438;B01;1;7;0;2;3;13;1;
202100014125;176 439;A01;1;2;0;2;2;2;1;
202100014126;176 436;A01;1;7;0;2;3;1;1;
202100014126;176 437;B01;2;7;0;2;3;13;1;
202100014127;176 435;A01;1;7;3;0;1;26;1;
202100014507;175 778;A01;1;7;0;2;2;0;1;
202100014507;175 779;B01;2;0;0;2;7;5;0;
202100014761;175 328;B01;1;30;0;2;4;1;1;
202100014761;175 329;A01;1;7;0;2;3;15;1;
202100014762;175 326;B01;1;2;0;2;3;1;1;
202100014762;175 327;A01;1;7;0;2;7;12;1;
202100014763;175 324;A01;1;13;0;2;0;0;0;
202100014763;175 325;B01;1;33;0;2;1;1;1;
202100014950;174 982;A01;0;2;0;2;9;19;1;
202100014950;174 983;B01;0;7;0;2;7;1;1;
202100015473;174 044;B01;1;2;0;2;1;1;1;
202100015474;174 042;B01;2;2;0;2;7;1;1;
202100015474;174 043;A01;1;7;0;2;3;26;1;
202100015823;173 389;A01;2;32;0;2;2;17;1;
202100015823;173 390;B01;2;7;0;0;3;15;1;
202100016062;172 940;A01;1;7;0;2;1;9;1;
202100016062;172 941;B01;2;2;0;2;8;1;1;
202100016735;171 705;A01;2;2;9;0;1;1;1;
202100016777;171 624;A01;1;7;0;2;7;15;1;
202100016777;171 625;B01;1;7;0;2;1;1;1;
202100016778;171 623;A01;3;7;15;0;1;0;1;
202100016779;171 621;B01;2;1;0;9;1;5;5;
202100016779;171 622;A01;1;7;0;9;2;16;1;
202100016780;171 619;B01;2;2;0;0;7;15;1;
202100016780;171 620;A01;1;7;0;2;1;15;1;
202100016781;171 616;C01;1;1;0;2;4;1;5;
202100016781;171 617;B01;1;7;0;0;2;19;1;
202100016781;171 618;A01;1;7;0;2;8;18;1;
202100017276;170 774;A01;1;2;0;2;2;1;1;
202100017276;170 775;B01;2;7;0;2;3;0;1;
202100017566;170 225;A01;2;34;0;2;3;17;1;
202100017566;170 226;B01;2;7;0;0;4;15;1;
202100017608;170 146;A01;1;30;0;0;1;1;1;
202100017790;169 816;A01;1;7;0;2;8;15;1;
202100017790;169 817;B01;1;31;0;2;7;2;1;
202100017940;169 557;B01;3;99;0;0;7;1;1;
202100017940;169 558;A01;3;1;0;2;1;1;5;
202100017981;169 484;B01;1;2;0;2;7;1;1;
202100017981;169 485;A01;1;7;0;2;7;16;1;
202100018109;169 247;A01;1;2;0;2;1;1;1;
202100018109;169 248;C01;3;7;1;2;5;1;1;
202100018109;169 249;Z01;2;7;0;2;3;1;1;
202100018264;168 971;A01;2;7;0;2;0;13;1;
202100018264;168 972;B01;1;10;0;2;2;1;1;
202100018292;168 927;A01;3;7;0;2;7;15;1;
202100018292;168 928;B01;3;33;0;2;1;1;1;
202100018293;168 925;B01;1;2;0;2;1;1;1;
202100018293;168 926;A01;1;7;0;2;7;15;1;
202100018294;168 923;A01;1;2;0;2;7;3;1;
202100018294;168 924;B01;1;7;0;2;3;15;1;
202100018295;168 921;B01;1;33;0;2;1;1;1;
202100018295;168 922;A01;1;7;0;2;2;26;1;
202100018521;168 526;B01;1;2;0;2;4;1;1;
202100018521;168 527;A01;1;7;0;9;1;1;1;
202100018660;168 285;B01;2;2;0;2;1;1;1;
202100018660;168 286;A01;1;7;0;2;2;15;1;
202100019069;167 556;A01;1;7;0;0;7;10;1;
202100019069;167 557;B01;1;33;0;2;1;2;1;
202100019076;167 545;B01;1;33;0;2;1;17;1;
202100019076;167 546;A01;2;7;0;2;8;15;1;
202100019280;167 172;A01;2;10;0;2;1;1;1;
202100019280;167 173;B01;1;31;0;2;4;2;1;
202100019316;167 099;B01;1;7;0;2;6;15;1;
202100019316;167 100;A01;1;2;0;2;1;3;1;
202100019579;166 637;A01;3;7;0;2;1;1;0;
202100019579;166 638;B01;0;50;0;2;1;1;3;
202100019615;166 577;B01;1;2;0;2;1;1;1;
202100019615;166 578;A01;1;7;0;2;2;15;1;
202100019616;166 575;B01;2;2;0;2;1;1;1;
202100019616;166 576;A01;1;7;0;2;2;15;1;
202100019787;166 278;B01;0;1;0;2;1;1;5;
202100019787;166 279;A01;0;10;0;2;2;13;1;
202100019788;166 277;A01;3;7;6;0;1;0;1;
202100019832;166 185;A01;1;7;0;2;1;1;1;
202100019832;166 186;B01;1;2;0;2;8;15;1;
202100019833;166 183;B01;1;2;0;2;7;1;1;
202100019833;166 184;A01;1;7;0;2;1;1;1;
202100019974;165 929;B01;3;2;0;2;7;1;1;
202100019974;165 930;A01;3;7;0;2;2;9;2;
202100020225;165 483;A01;3;30;0;2;1;5;1;
202100020225;165 484;B01;3;7;0;2;2;1;1;
202100020995;164 135;B01;0;2;0;2;0;0;0;
202100020995;164 136;A01;0;7;0;2;1;1;1;
202100021165;163 829;B01;2;7;0;2;1;1;1;
202100021165;163 830;A01;1;7;0;2;1;1;1;
202100021369;163 451;A01;2;10;0;2;3;1;1;
202100021369;163 452;B01;1;7;0;2;3;13;1;
202100021370;163 449;A01;1;2;0;2;3;23;1;
202100021370;163 450;B01;1;7;0;2;3;15;0;
202100021413;163 375;A01;1;10;1;2;7;1;1;
202100021413;163 376;B01;1;1;0;2;1;9;0;
202100021577;163 064;A01;1;7;0;1;1;1;1;
202100021753;162 745;A01;1;30;0;2;1;1;1;
202100021753;162 746;B01;1;7;0;2;5;1;0;
202100021874;162 531;A01;1;7;0;2;3;13;1;
202100021874;162 532;B01;2;7;0;2;3;1;1;
202100022054;162 208;B01;3;30;0;2;1;1;1;
202100022054;162 209;A01;3;30;0;2;1;13;1;
202100022363;161 674;B01;3;2;0;2;1;13;1;
202100022363;161 675;A01;3;7;0;0;5;1;1;
202100022364;161 671;B01;2;7;0;2;2;1;2;
202100022364;161 672;C01;2;7;0;2;8;1;1;
202100022364;161 673;A01;1;7;0;2;1;13;1;
202100022371;161 660;C01;2;1;0;0;4;2;5;
202100022371;161 661;A01;2;10;0;0;2;1;1;
202100022371;161 662;B01;2;1;0;0;4;2;5;
202100022587;161 244;A01;2;7;0;2;1;15;1;
202100022587;161 245;B01;1;2;0;2;1;1;1;
202100022588;161 240;D01;3;7;1;2;4;0;1;
202100022588;161 241;A01;1;7;0;2;1;18;1;
202100022588;161 242;B01;1;7;0;2;3;9;1;
202100022588;161 243;C01;3;7;1;2;4;0;1;
202100022781;160 880;A01;2;43;0;2;2;17;1;
202100022781;160 881;B01;2;7;0;2;8;15;1;
202100022782;160 878;A01;0;7;0;2;1;1;1;
202100022782;160 879;B01;1;2;0;2;4;1;1;
202100023191;160 163;A01;1;31;0;2;1;17;1;
202100023191;160 164;B01;1;7;0;2;1;1;1;
202100023246;160 065;A01;1;7;0;2;0;16;1;
202100023246;160 066;B01;1;50;0;2;0;16;3;
202100023247;160 063;A01;1;7;0;9;1;19;1;
202100023247;160 064;B01;1;2;0;2;8;1;0;
202100023401;159 787;Z01;1;7;0;2;2;1;1;
202100023401;159 788;B01;2;2;0;0;0;0;6;
202100023402;159 785;Z01;0;10;0;2;2;0;0;
202100023402;159 786;B01;3;2;0;2;8;26;1;
202100023403;159 783;B01;3;2;0;2;1;1;1;
202100023403;159 784;A01;1;7;0;2;2;12;1;
202100023404;159 781;B01;2;7;0;2;5;1;6;
202100023404;159 782;A01;2;30;0;2;1;1;1;
202100023520;159 593;B01;1;7;0;0;5;15;1;
202100023520;159 594;A01;1;7;0;2;3;2;1;
202100023674;159 300;B01;1;2;0;2;7;1;1;
202100023674;159 301;A01;1;10;0;2;1;1;1;
202100023806;159 068;A01;3;14;0;0;0;1;1;
202100023845;159 004;B01;1;7;0;2;2;16;1;
202100023845;159 005;A01;1;2;12;2;3;18;1;
202100023985;158 762;Z01;1;7;0;9;0;0;0;
202100023985;158 763;A01;1;2;0;2;4;1;1;
202100023986;158 760;B01;3;2;0;2;3;1;1;
202100023986;158 761;A01;3;10;0;2;3;1;1;
202100024077;158 618;B01;1;2;0;2;3;18;1;
202100024077;158 619;A01;1;7;0;2;2;16;1;
202100024080;158 613;A01;2;2;0;2;3;19;1;
202100024080;158 614;B01;1;7;0;2;2;1;1;
202100024193;158 424;B01;0;33;0;2;1;1;1;
202100024193;158 425;A01;3;7;0;2;8;9;1;
202100024233;158 353;B01;1;30;0;2;1;1;1;
202100024233;158 354;A01;1;7;0;2;4;9;1;
202100024234;158 351;B01;2;2;0;2;1;1;6;
202100024234;158 352;A01;1;7;0;2;3;15;1;
202100024427;158 019;B01;1;31;0;2;4;23;1;
202100024427;158 020;A01;1;7;0;2;3;1;1;
202100024488;157 892;A01;1;33;0;2;1;1;1;
202100024488;157 893;B01;1;10;0;0;4;1;1;
202100024585;157 713;B01;2;7;0;2;4;2;1;
202100024585;157 714;A01;2;2;0;2;1;2;1;
202100024586;157 711;Z01;2;32;0;2;1;5;0;
202100024586;157 712;A01;1;2;0;2;1;1;1;
202100024679;157 533;A01;2;7;0;0;9;1;1;
202100024712;157 472;A01;3;30;0;0;3;26;1;
202100024850;157 238;B01;3;33;0;2;0;15;1;
202100024850;157 239;A01;3;7;0;2;8;15;6;
202100024987;156 996;A01;0;2;13;0;7;1;1;
202100025103;156 783;A01;3;7;0;1;0;16;1;
202100025104;156 781;YA01;1;7;0;2;4;23;1;
202100025104;156 782;B01;1;30;0;2;1;2;1;
202100025414;156 230;A01;1;10;0;2;2;9;1;
202100025414;156 231;B01;1;2;0;2;6;9;1;
202100025415;156 228;A01;0;7;0;2;3;15;1;
202100025415;156 229;B01;1;2;0;2;3;26;1;
202100025416;156 226;B01;3;10;0;2;5;19;1;
202100025416;156 227;A01;3;7;0;2;1;26;1;
202100025676;155 785;A01;2;7;0;1;2;2;1;
202100025706;155 736;A01;0;2;0;1;1;1;1;
202100025921;155 351;A01;1;7;0;1;0;2;0;
202100025962;155 274;A01;1;30;3;0;1;9;1;
202100026069;155 087;B01;1;7;0;2;1;17;1;
202100026069;155 088;A01;1;7;0;0;8;15;1;
202100026107;155 028;B01;1;99;0;2;1;1;6;
202100026107;155 029;A01;1;30;0;2;1;1;1;
202100027012;153 433;A01;2;7;0;2;2;15;1;
202100027012;153 434;B01;1;2;0;2;1;1;1;
202100027290;152 948;A01;2;7;0;2;3;1;1;
202100027290;152 949;B01;1;7;0;2;1;1;1;
202100027321;152 886;B01;0;7;0;2;1;1;2;
202100027321;152 887;A01;0;50;0;2;1;19;3;
202100027411;152 718;A01;3;7;16;0;0;26;1;
202100027455;152 651;A01;1;7;0;2;3;1;1;
202100027455;152 652;B01;1;7;0;2;3;9;1;
202100027491;152 586;B01;3;7;0;2;0;15;1;
202100027491;152 587;A01;3;2;0;2;0;1;0;
202100027492;152 584;B01;3;31;0;2;7;1;1;
202100027492;152 585;A01;3;7;0;2;3;15;1;
202100027493;152 583;A01;3;33;0;0;0;0;1;
202100028272;151 161;B01;1;0;0;2;8;2;0;
202100028272;151 162;A01;1;2;0;2;7;17;1;
202100028273;151 159;A01;1;30;0;2;1;1;1;
202100028273;151 160;B01;1;7;0;2;7;0;1;
202100028274;151 157;A01;1;7;0;2;7;1;1;
202100028274;151 158;Z01;1;2;0;2;0;15;1;
202100028448;150 864;B01;1;7;0;2;2;15;1;
202100028448;150 865;A01;1;30;0;2;5;1;1;
202100028603;150 588;A01;1;7;0;2;3;9;1;
202100028603;150 589;B01;1;2;0;2;1;1;1;
202100028928;150 023;B01;1;7;0;2;8;10;1;
202100028928;150 024;A01;2;7;14;2;1;1;1;
202100029042;149 825;A01;0;33;14;0;0;26;1;
202100029075;149 775;A01;1;7;0;2;1;2;1;
202100029075;149 776;B01;1;30;0;2;4;2;1;
202100029076;149 773;A01;3;2;0;2;0;15;1;
202100029076;149 774;B01;3;7;0;2;0;15;1;
202100029264;149 453;A01;1;31;0;9;1;3;1;
202100029264;149 454;B01;2;0;0;9;1;3;0;
202100029265;149 451;A01;0;7;0;2;1;1;1;
202100029265;149 452;Z01;0;7;0;2;1;15;1;