Num_Acc;id_vehicule;num_veh;senc;catv;obs;obsm;choc;manv;motor;occutc
202100029266;149 450;A01;1;2;14;0;0;1;1;
202100029521;149 025;A01;2;33;0;2;3;17;1;
202100029521;149 026;B01;2;10;0;0;4;15;1;
202100029565;148 943;B01;1;7;0;2;4;1;1;
202100029565;148 944;A01;1;32;0;2;1;2;1;
202100029566;148 941;B01;2;0;0;2;8;15;0;
202100029566;148 942;A01;1;7;0;9;1;1;1;
202100029737;148 636;A01;1;33;0;9;1;3;1;
202100029737;148 637;B01;1;2;0;9;8;15;1;
202100029897;148 360;A01;1;31;0;2;1;1;1;
202100029897;148 361;B01;1;7;0;2;3;9;1;
202100029941;148 281;B01;3;7;1;2;4;24;1;
202100029941;148 282;A01;3;7;0;2;1;20;1;
202100029942;148 279;A01;1;1;0;2;8;13;5;
202100029942;148 280;B01;1;33;0;2;1;1;1;
202100030147;147 884;B01;1;2;0;2;8;1;1;
202100030147;147 885;A01;1;7;0;2;7;16;1;
202100030297;147 611;A01;1;7;0;2;1;1;1;
202100030297;147 612;B01;2;7;0;2;1;13;1;
202100030525;147 199;A01;1;7;0;2;7;19;1;
202100030525;147 200;B01;1;7;0;2;1;19;1;
202100030650;146 972;A01;1;7;0;1;1;1;1;
202100030728;146 834;B01;1;7;0;2;4;15;1;
202100030728;146 835;A01;1;33;0;2;1;1;1;
202100030729;146 832;A01;1;7;0;2;7;16;1;
202100030729;146 833;B01;1;2;0;2;2;1;6;
202100030730;146 830;B01;0;7;0;2;1;1;1;
202100030730;146 831;A01;0;2;0;2;0;13;1;
202100030731;146 828;B01;1;10;0;2;5;9;1;
202100030731;146 829;A01;1;33;0;2;1;1;1;
202100030732;146 827;A01;1;30;0;0;0;0;1;
202100030733;146 826;Z01;2;31;0;0;0;0;1;
202100030734;146 824;B01;2;2;0;2;1;1;1;
202100030734;146 825;A01;1;7;0;2;8;15;1;
202100030925;146 483;A01;3;2;0;2;1;5;1;
202100030925;146 484;B01;3;7;0;2;1;1;1;
202100030929;146 476;A01;1;7;0;2;1;0;1;
202100030929;146 477;B01;2;7;0;2;1;0;0;
202100031491;145 466;B01;0;2;0;2;0;1;1;
202100031491;145 467;A01;1;2;0;2;2;1;1;
202100031957;144 621;A01;3;7;15;0;1;25;1;
202100032076;144 414;Z01;2;7;0;2;8;15;6;
202100032076;144 415;B01;1;2;0;2;8;1;6;
202100032077;144 412;A01;1;7;0;2;8;15;1;
202100032077;144 413;B01;1;99;0;2;1;1;6;
202100032407;143 846;B01;0;1;0;2;1;16;5;
202100032407;143 847;A01;0;7;0;9;3;1;1;
202100032442;143 785;B01;1;2;0;2;8;1;1;
202100032442;143 786;A01;1;7;0;2;7;16;1;
202100032773;143 194;B01;1;7;0;0;3;15;1;
202100032773;143 195;A01;2;2;0;0;2;1;1;
202100032814;143 122;A01;1;30;0;2;7;9;1;
202100032814;143 123;B01;1;33;0;2;1;1;1;
202100032815;143 120;A01;3;2;0;2;4;26;1;
202100032815;143 121;B01;3;7;0;2;0;0;0;
202100033009;142 742;B01;1;33;0;2;1;1;1;
202100033009;142 743;A01;1;7;0;2;3;15;2;
202100033300;142 246;A01;1;7;0;2;3;13;1;
202100033300;142 247;B01;1;2;0;2;1;1;1;
202100033494;141 908;A01;2;33;13;0;1;0;1;
202100033495;141 906;B01;2;7;0;2;1;11;1;
202100033495;141 907;A01;1;7;0;2;1;1;1;
202100033529;141 838;B01;1;7;0;2;3;15;1;
202100033529;141 839;A01;1;30;0;2;1;1;1;
202100033530;141 836;A01;1;33;0;2;7;15;1;
202100033530;141 837;B01;1;7;0;2;3;15;1;
202100033772;141 404;A01;3;50;0;2;8;15;3;
202100033772;141 405;B01;1;7;0;2;1;1;1;
202100033773;141 402;B01;1;2;0;2;7;16;1;
202100033773;141 403;A01;2;7;0;2;3;9;1;
202100033774;141 400;A01;1;7;0;9;6;13;1;
202100033774;141 401;B01;2;2;0;2;2;1;1;
202100034212;140 594;B01;1;7;0;2;2;15;1;
202100034212;140 595;A01;2;30;0;2;1;1;1;
202100034213;140 591;A01;1;2;0;2;1;1;1;
202100034213;140 592;C01;3;7;1;0;0;0;1;
202100034213;140 593;B01;2;7;0;9;7;15;1;
202100034385;140 275;B01;0;2;0;2;1;9;0;
202100034385;140 276;A01;0;7;0;9;3;1;1;
202100034733;139 628;B01;1;7;0;9;7;1;1;
202100034733;139 629;A01;1;2;0;9;1;1;1;
202100034879;139 369;A01;0;7;0;2;1;1;1;
202100034879;139 370;B01;0;30;0;2;1;1;1;
202100034922;139 283;A01;2;7;0;2;5;15;1;
202100034922;139 284;B01;1;50;0;2;1;1;3;
202100035212;138 760;A01;3;2;9;0;1;21;1;
202100035625;138 042;B01;1;2;0;2;1;1;1;
202100035625;138 043;A01;1;7;0;2;2;1;1;
202100035827;137 666;A01;1;2;0;2;8;9;1;
202100035827;137 667;B01;2;33;0;2;7;1;1;
202100035866;137 576;A01;2;50;0;2;1;5;3;
202100035866;137 577;B01;1;2;0;9;1;1;1;
202100035867;137 574;A01;2;10;0;2;2;1;1;
202100035867;137 575;B01;2;2;0;2;4;1;1;
202100036045;137 255;Z01;1;7;0;2;1;0;0;
202100036045;137 256;A01;1;30;0;2;4;1;1;
202100036217;136 952;B01;1;2;0;2;1;1;1;
202100036217;136 953;A01;1;10;0;9;2;16;1;
202100036366;136 697;A01;2;7;9;0;1;0;1;
202100036536;136 406;A01;2;7;1;1;1;13;1;
202100036536;136 407;B01;1;10;0;2;2;23;0;
202100036578;136 332;B01;1;30;0;2;8;1;1;
202100036578;136 333;A01;1;30;0;2;1;15;1;
202100036708;136 096;A01;1;2;0;0;1;1;1;
202100036917;135 713;A01;2;34;0;1;3;1;1;
202100037080;135 420;A01;0;30;0;1;1;5;0;
202100037166;135 252;B01;2;7;0;2;6;15;1;
202100037166;135 253;A01;2;30;0;2;1;17;1;
202100037359;134 889;B01;2;2;0;2;1;1;1;
202100037359;134 890;A01;1;7;0;2;5;15;1;
202100037558;134 531;A01;1;7;1;2;8;22;1;
202100037558;134 532;B01;1;2;1;0;7;1;1;
202100037559;134 529;B01;1;31;0;9;1;1;1;
202100037559;134 530;A01;2;30;0;9;1;1;1;
202100037734;134 219;A01;3;2;0;0;0;0;0;
202100037735;134 217;B01;2;2;0;2;8;1;1;
202100037735;134 218;A01;1;7;0;9;1;15;1;
202100037919;133 888;B01;1;0;0;9;2;1;0;
202100037919;133 889;A01;1;1;0;0;4;1;5;
202100037920;133 886;A01;0;33;0;2;1;1;1;
202100037920;133 887;B01;0;7;0;9;1;1;1;
202100037957;133 817;A01;1;31;0;2;1;1;6;
202100037957;133 818;B01;1;7;0;2;4;1;6;
202100037958;133 815;B01;1;2;0;2;7;1;1;
202100037958;133 816;A01;1;7;0;2;2;26;2;
202100037959;133 813;B01;2;7;0;2;3;16;1;
202100037959;133 814;A01;2;32;0;2;5;16;6;
202100038145;133 465;C01;2;7;0;2;8;23;1;
202100038145;133 466;B01;2;2;0;2;1;1;1;
202100038145;133 467;A01;1;7;0;2;1;19;1;
202100038146;133 464;A01;1;2;0;0;1;1;1;
202100038276;133 228;A01;1;7;0;0;4;23;1;
202100038276;133 229;B01;2;2;1;0;1;2;1;
202100038316;133 150;Z01;1;2;0;9;1;0;0;
202100038316;133 151;A01;1;1;0;9;1;1;5;
202100038601;132 639;B01;3;7;0;2;6;1;1;
202100038601;132 640;A01;1;30;0;2;1;1;1;
202100038842;132 198;A01;2;10;8;0;1;14;1;
202100038877;132 134;B01;2;2;0;2;1;17;1;
202100038877;132 135;A01;2;7;0;2;6;15;1;
202100039254;131 444;A01;1;2;0;2;4;26;1;
202100039254;131 445;Z01;1;1;0;9;4;1;5;
202100039410;131 155;B01;0;2;0;2;1;1;1;
202100039410;131 156;A01;3;7;0;2;3;19;1;
202100039554;130 888;A01;1;7;0;2;3;9;1;
202100039554;130 889;B01;1;33;0;2;1;3;1;
202100039763;130 508;A01;1;7;0;1;1;1;1;
202100039799;130 441;A01;1;7;0;0;0;1;1;
202100040005;130 086;A01;2;7;0;2;3;1;1;
202100040005;130 087;B01;1;7;0;2;3;1;1;
202100040028;130 049;A01;3;30;0;2;1;1;1;
202100040028;130 050;B01;3;7;0;2;4;15;0;
202100040029;130 047;A01;3;7;8;2;1;1;1;
202100040029;130 048;B01;1;7;0;2;8;1;1;
202100040030;130 045;A01;1;7;0;2;8;15;1;
202100040030;130 046;B01;2;2;0;2;8;18;1;
202100040031;130 043;B01;3;2;0;2;1;10;1;
202100040031;130 044;A01;3;7;0;2;1;1;1;
202100040139;129 849;A01;1;2;0;0;1;1;1;
202100040306;129 556;B01;2;7;0;2;4;16;1;
202100040306;129 557;Z01;2;7;0;2;1;1;1;
202100040444;129 314;B01;1;10;0;0;4;1;1;
202100040444;129 315;A01;1;2;0;2;1;2;1;
202100040445;129 312;B01;1;2;0;2;4;1;1;
202100040445;129 313;A01;1;7;0;9;1;2;2;
202100040446;129 310;B01;1;2;0;2;8;1;1;
202100040446;129 311;A01;1;7;0;9;7;15;1;
202100040591;129 061;B01;1;2;0;2;7;15;1;
202100040591;129 062;A01;2;7;0;2;7;21;1;
202100040642;128 967;A01;0;2;13;0;2;1;1;
202100040720;128 824;B01;1;33;0;2;1;1;1;
202100040720;128 825;A01;2;7;0;2;7;15;1;
202100040868;128 575;Z01;2;2;0;2;0;1;0;
202100040868;128 576;A01;1;7;0;2;7;16;1;
202100041048;128 238;B01;2;7;0;9;5;1;1;
202100041048;128 239;A01;2;2;0;2;0;1;1;
202100041049;128 236;A01;2;7;0;2;1;1;1;
202100041049;128 237;B01;2;7;0;2;4;1;1;
202100041050;128 235;A01;0;2;0;2;1;1;1;
202100041247;127 873;B01;2;2;0;2;1;1;1;
202100041247;127 874;A01;1;7;0;2;8;9;1;
202100041494;127 436;C01;2;7;0;2;4;1;1;
202100041494;127 437;B01;1;7;0;2;4;1;1;
202100041494;127 438;A01;1;7;0;2;1;1;1;
202100041495;127 434;B01;2;7;0;2;6;0;1;
202100041495;127 435;A01;1;30;0;2;1;9;1;
202100041496;127 433;A01;3;7;1;1;1;1;1;
202100041760;126 963;B01;1;31;0;2;1;13;1;
202100041760;126 964;A01;2;7;0;2;3;15;1;
202100041775;126 941;A01;1;30;14;0;1;1;1;
202100041776;126 940;A01;1;2;0;0;0;1;1;
202100041870;126 780;B01;1;2;0;2;1;1;1;
202100041870;126 781;A01;2;7;0;2;3;15;1;
202100041997;126 554;A01;1;10;0;2;2;15;0;
202100041997;126 555;B01;2;2;0;2;1;1;0;
202100041998;126 552;B01;3;7;0;2;7;1;6;
202100041998;126 553;A01;3;7;0;2;1;0;1;
202100042152;126 278;B01;2;2;0;2;1;2;1;
202100042152;126 279;A01;2;7;0;9;8;15;1;
202100042254;126 102;A01;3;7;0;2;1;13;1;
202100042254;126 103;B01;3;7;0;2;1;1;1;
202100042283;126 046;A01;1;30;0;0;8;1;1;
202100042284;126 045;Z01;3;0;0;2;1;1;6;
202100042573;125 524;B01;1;30;0;0;0;2;1;
202100042573;125 525;A01;1;10;0;0;0;18;1;
202100042726;125 263;A01;1;36;1;0;1;1;6;
202100042726;125 264;B01;0;7;0;2;7;23;0;
202100042804;125 148;A01;1;32;0;0;8;1;1;
202100042805;125 146;B01;1;2;0;2;1;16;1;
202100042805;125 147;A01;1;7;0;9;8;1;1;
202100042806;125 144;B01;1;2;0;2;1;1;1;
202100042806;125 145;A01;1;7;0;2;7;15;1;
202100042997;124 816;A01;3;30;0;0;8;1;1;
202100042998;124 814;Z01;2;7;0;2;0;15;1;
202100042998;124 815;A01;1;30;0;2;1;1;1;
202100043127;124 585;A01;1;7;0;2;0;0;1;
202100043127;124 586;B01;1;2;0;2;1;26;1;
202100043128;124 583;B01;3;7;0;2;7;1;1;
202100043128;124 584;A01;3;10;0;2;1;1;1;
202100043410;124 070;A01;1;2;0;0;7;9;1;
202100043411;124 068;A01;1;2;0;2;8;13;1;
202100043411;124 069;B01;1;10;0;2;4;1;1;
202100043412;124 065;C01;2;7;0;2;1;0;1;
202100043412;124 066;B01;2;7;1;2;8;1;1;
202100043412;124 067;A01;1;7;0;2;1;1;1;
202100043413;124 064;A01;1;7;0;0;8;1;1;
202100043532;123 850;A01;1;3;13;0;0;26;3;
202100043610;123 725;A01;1;7;0;2;7;19;1;
202100043610;123 726;B01;1;33;14;0;0;0;1;
202100043611;123 723;B01;1;2;0;2;7;1;1;
202100043611;123 724;A01;1;7;0;9;0;9;1;
202100043735;123 512;B01;2;7;0;2;7;1;1;
202100043735;123 513;A01;2;30;0;2;1;9;1;
202100043736;123 511;A01;1;31;0;0;0;9;1;
202100044114;122 820;B01;2;30;0;2;8;16;1;
202100044114;122 821;A01;2;7;0;2;7;17;1;
202100044115;122 818;B01;1;2;0;2;1;1;1;
202100044115;122 819;A01;0;7;0;2;1;15;1;
202100044336;122 418;A01;2;7;0;0;8;19;1;
202100044336;122 419;B01;2;31;0;2;3;21;1;
202100044442;122 247;A01;1;7;0;0;0;0;1;
202100044442;122 248;B01;1;32;0;0;0;0;1;
202100044633;121 943;A01;1;10;0;1;2;1;1;
202100044654;121 895;B01;2;2;0;2;1;1;1;
202100044654;121 896;A01;1;2;0;2;1;1;1;
202100044906;121 454;B01;2;33;0;2;1;1;1;
202100044906;121 455;A01;2;7;0;2;8;10;1;
202100045003;121 286;B01;2;13;0;2;3;1;1;
202100045003;121 287;A01;1;10;0;2;8;10;1;
202100045109;121 105;A01;1;7;8;0;1;14;1;
202100045344;120 687;A01;1;7;1;0;3;13;1;
202100045344;120 688;B01;1;7;1;1;5;0;1;
202100045345;120 685;A01;1;7;0;2;3;15;1;
202100045345;120 686;B01;2;31;0;2;1;1;1;
202100045346;120 683;B01;1;7;0;2;1;21;1;
202100045346;120 684;A01;1;7;0;2;3;9;1;
202100045532;120 355;A01;1;31;0;2;2;2;1;
202100045532;120 356;B01;1;7;0;2;6;1;1;
202100045533;120 353;A01;0;7;0;2;7;1;1;
202100045533;120 354;B01;2;1;0;0;0;0;1;
202100045534;120 351;A01;0;7;0;2;7;19;1;
202100045534;120 352;B01;1;2;0;2;1;1;1;
202100045727;120 014;A01;0;7;0;1;1;15;1;
202100045908;119 695;A01;1;20;0;2;2;19;1;
202100045908;119 696;B01;2;10;0;2;1;1;1;
202100046060;119 419;A01;1;31;0;1;8;1;1;
202100046330;118 955;B01;2;7;0;2;2;15;1;
202100046330;118 956;A01;1;7;0;2;1;1;1;
202100046460;118 737;A01;2;7;0;0;4;15;1;
202100046460;118 738;B01;2;2;0;2;1;2;1;
202100046562;118 540;A01;1;7;0;0;0;16;1;
202100046562;118 541;B01;1;2;0;2;0;1;1;
202100046563;118 538;A01;1;2;0;2;8;1;1;
202100046563;118 539;B01;2;7;0;9;8;1;1;
202100046724;118 253;Z01;1;0;0;0;0;0;0;
202100046724;118 254;B01;1;2;0;2;0;16;1;
202100046842;118 052;B01;1;1;0;2;4;2;5;
202100046842;118 053;A01;1;7;0;0;2;2;1;
202100047096;117 588;A01;3;7;16;2;2;9;1;
202100047096;117 589;B01;3;2;16;2;1;1;1;
202100047200;117 397;B01;1;7;0;2;3;9;1;
202100047200;117 398;A01;2;1;0;2;1;5;6;
202100047300;117 219;A01;2;7;0;1;3;21;1;
202100047416;117 015;A01;3;31;0;2;8;19;1;
202100047416;117 016;B01;3;31;0;2;1;1;1;
202100047436;116 976;A01;1;7;13;0;1;1;1;
202100047470;116 911;B01;1;7;0;9;8;16;1;
202100047470;116 912;A01;1;2;0;2;8;18;1;
202100047567;116 742;B01;1;7;0;2;1;1;1;
202100047567;116 743;A01;2;2;0;1;1;17;1;
202100047598;116 672;A01;1;50;0;2;8;1;3;
202100047598;116 673;B01;2;7;0;2;1;15;1;
202100047704;116 476;B01;1;1;0;2;4;13;5;
202100047704;116 477;A01;1;10;0;2;1;2;1;
202100047705;116 475;A01;1;7;0;1;1;1;1;
202100047706;116 473;B01;2;7;0;9;7;2;6;
202100047706;116 474;A01;1;2;0;2;1;26;6;
202100047707;116 471;B01;1;2;0;2;7;1;1;
202100047707;116 472;A01;1;7;0;2;1;15;2;
202100047708;116 469;A01;1;10;0;2;8;15;1;
202100047708;116 470;B01;1;2;0;2;1;3;1;
202100047757;116 382;A01;1;7;0;2;6;15;1;
202100047757;116 383;B01;1;2;0;2;1;1;1;
202100047758;116 380;A01;1;30;0;2;1;17;1;
202100047758;116 381;B01;1;7;0;2;4;1;1;
202100047871;116 190;A01;2;15;0;0;0;1;0;
202100047871;116 191;C01;1;7;0;9;1;1;0;
202100047871;116 192;B01;1;7;0;9;6;1;1;
202100047874;116 167;B01;2;7;0;2;2;0;1;
202100047874;116 168;A01;1;7;0;2;2;13;1;
202100047897;116 120;A01;1;2;0;2;1;2;1;
202100047897;116 121;B01;1;7;0;2;4;15;1;
202100047898;116 118;B01;1;7;0;2;7;16;1;
202100047898;116 119;A01;1;2;0;2;1;9;1;
202100047899;116 115;A01;2;7;1;0;1;1;1;
202100047899;116 116;B01;1;7;1;2;4;0;1;
202100047899;116 117;C01;2;7;0;2;0;0;1;
202100048012;115 921;A01;1;7;17;0;1;13;1;
202100048084;115 800;A01;2;7;15;0;1;1;1;
202100048197;115 605;A01;0;10;0;2;1;1;1;
202100048197;115 606;B01;0;2;0;2;1;1;1;
202100048223;115 557;A01;1;20;0;0;1;26;1;
202100048822;114 498;A01; -1;7;0;0;0;1;1;
202100048903;114 344;A01;1;7;0;2;4;1;1;
202100048903;114 345;B01;1;7;0;2;1;1;1;
202100049018;114 142;A01;1;7;8;0;1;0;1;
202100049215;113 782;B01;1;2;0;2;7;1;1;
202100049215;113 783;A01;1;7;0;9;3;9;1;
202100049216;113 780;A01;3;32;0;2;1;1;1;
202100049216;113 781;B01;3;7;0;2;8;15;1;
202100049217;113 778;B01;0;10;0;2;0;0;1;
202100049217;113 779;A01;0;7;8;0;1;21;1;
202100049320;113 605;B01;2;31;0;2;1;17;1;
202100049320;113 606;A01;2;10;0;2;3;15;1;
202100049323;113 599;B01;2;33;0;0;1;1;1;
202100049323;113 600;A01;1;7;0;0;8;15;1;
202100049351;113 546;B01;1;7;0;2;8;15;1;
202100049351;113 547;A01;1;31;0;2;1;1;1;
202100049352;113 544;B01;1;1;0;2;1;5;0;
202100049352;113 545;A01;1;7;0;2;1;9;0;
202100049433;113 400;B01;0;1;0;2;0;1;5;
202100049433;113 401;A01;3;2;0;9;0;0;0;
202100049470;113 334;A01;1;7;0;9;8;15;1;
202100049470;113 335;B01;1;2;0;2;1;2;1;
202100049593;113 096;A01;2;7;0;2;5;1;1;
202100049593;113 097;B01;2;1;0;2;8;15;5;
202100049736;112 843;A01;1;7;0;2;0;10;0;
202100049736;112 844;B01;1;7;0;2;1;1;1;
202100049736;112 845;C01;1;7;0;2;3;1;1;
202100049955;112 456;A01;1;7;0;2;2;21;1;
202100049955;112 457;B01;2;2;0;2;1;13;1;
202100050144;112 090;B01;1;2;0;2;8;1;1;
202100050144;112 091;A01;1;99;0;2;2;16;6;
202100050406;111 596;B01;1;7;0;2;8;2;1;
202100050406;111 597;A01;1;2;0;2;7;2;1;
202100050429;111 556;A01;1;30;0;0;7;1;1;
202100050430;111 554;A01;1;7;0;2;3;15;1;
202100050430;111 555;B01;1;2;0;2;1;1;1;
202100050530;111 376;A01;1;7;0;0;9;1;1;
202100050557;111 320;A01;1;2;0;0;0;9;1;
202100050727;111 012;B01;1;31;0;2;7;1;1;
202100050727;111 013;A01;1;7;0;9;8;15;1;
202100050831;110 821;B01;1;1;0;2;4;2;5;
202100050831;110 822;A01;1;7;0;9;2;1;1;
202100050854;110 778;B01;1;2;0;2;1;1;1;
202100050854;110 779;A01;1;10;0;2;5;15;1;
202100051149;110 243;B01;3;50;0;2;0;0;3;
202100051149;110 244;A01;3;7;0;2;2;16;1;
202100051255;110 063;B01;1;2;0;2;1;1;1;
202100051255;110 064;A01;1;7;0;2;7;1;1;
202100051360;109 874;A01;1;7;0;2;3;1;1;
202100051360;109 875;B01;2;7;0;2;3;1;1;
202100051386;109 830;A01;1;30;0;0;0;2;1;
202100051566;109 523;A01;1;7;0;1;1;1;1;
202100051643;109 378;A01;2;10;0;2;3;15;1;
202100051643;109 379;B01;1;7;14;2;6;19;1;
202100051776;109 148;B01;1;7;0;2;7;1;1;
202100051776;109 149;A01;1;7;0;2;1;16;1;
202100051875;108 974;B01;1;2;0;2;1;1;1;
202100051875;108 975;A01;1;99;0;2;3;15;6;
202100051876;108 972;A01;2;10;0;2;8;15;1;
202100051876;108 973;B01;1;2;0;2;1;1;1;
202100051967;108 817;B01;1;2;0;2;3;18;1;
202100051967;108 818;A01;1;7;0;2;7;16;1;
202100051985;108 785;B01;2;10;0;2;8;15;1;
202100051985;108 786;A01;1;2;0;2;1;9;1;
202100051986;108 784;A01;1;7;0;1;1;26;1;
202100051987;108 782;B01;2;3;0;2;2;1;1;
202100051987;108 783;A01;1;7;0;2;1;9;1;
202100052101;108 578;A01;1;7;0;9;7;16;1;
202100052101;108 579;B01;1;2;0;2;8;2;1;
202100052180;108 439;B01;2;7;0;2;1;1;1;
202100052180;108 440;A01;1;7;0;2;7;15;1;
202100052203;108 397;A01;1;7;0;9;8;19;1;
202100052203;108 398;B01;2;2;0;2;1;1;1;
202100052204;108 394;C01;3;2;0;2;1;1;1;
202100052204;108 395;A01;3;2;0;2;1;26;1;
202100052204;108 396;B01;3;7;0;2;3;1;1;
202100052275;108 266;A01;1;33;0;2;1;17;1;
202100052275;108 267;C01;1;7;0;2;3;23;1;
202100052275;108 268;B01;2;7;0;2;3;1;1;
202100052376;108 093;A01;1;7;0;1;7;1;1;
202100052377;108 091;B01;1;2;0;0;0;0;0;
202100052377;108 092;A01;1;7;0;9;8;15;6;
202100052499;107 882;A01;1;50;0;2;1;5;3;
202100052499;107 883;B01;2;7;0;2;1;1;1;
202100052512;107 854;B01;2;7;0;2;8;1;1;
202100052512;107 855;Z01;1;7;0;2;8;15;1;
202100052513;107 852;A01;2;7;0;2;8;15;1;
202100052513;107 853;B01;1;2;0;2;3;1;1;
202100052743;107 451;A01;1;7;0;2;1;1;1;
202100052743;107 452;B01;2;7;0;2;1;1;1;
202100052858;107 234;A01;2;7;0;2;1;15;1;
202100052858;107 235;B01;1;2;0;2;1;1;1;
202100052966;107 041;A01;1;1;0;2;8;19;5;
202100052966;107 042;C01;1;7;0;2;1;2;1;
202100052966;107 043;B01;2;7;0;0;0;0;1;
202100053120;106 784;B01;1;2;0;2;1;5;1;
202100053120;106 785;A01;2;7;0;2;2;1;1;
202100053317;106 420;B01;1;2;0;2;1;1;1;
202100053317;106 421;A01;1;7;0;9;1;15;1;
202100053318;106 418;A01;1;7;0;9;1;15;1;
202100053318;106 419;B01;1;2;0;2;1;1;1;
202100053319;106 416;A01;1;7;0;9;1;1;1;
202100053319;106 417;B01;1;1;0;2;1;19;0;
202100053422;106 224;A01;1;7;0;0;8;16;1;
202100053422;106 225;B01;1;1;0;2;3;19;5;
202100053556;105 988;B01;1;7;0;2;4;24;1;
202100053556;105 989;A01;1;2;0;2;1;1;1;
202100053557;105 986;A01;1;2;0;2;8;9;1;
202100053557;105 987;B01;1;7;0;2;7;16;1;
202100053919;105 366;B01;2;7;0;2;1;9;1;
202100053919;105 367;A01;2;7;16;0;4;2;1;
202100054025;105 175;A01;1;30;0;2;8;3;1;
202100054025;105 176;B01;1;7;0;2;5;1;1;
202100054180;104 899;A01;1;7;0;1;0;6;1;
202100054283;104 730;A01;1;2;0;2;1;1;1;
202100054283;104 731;B01;1;7;0;0;4;23;1;
202100054305;104 688;B01;1;1;0;2;1;1;0;
202100054305;104 689;A01;1;7;0;2;1;9;1;
202100054306;104 686;B01;2;7;0;2;7;15;1;
202100054306;104 687;A01;2;2;0;2;0;0;0;
202100054411;104 495;B01;1;7;0;2;6;2;1;
202100054411;104 496;A01;1;10;0;2;1;2;1;
202100054514;104 332;A01;1;7;0;2;3;1;1;
202100054514;104 333;B01;1;7;0;2;2;19;1;
202100054641;104 120;A01;1;7;0;2;2;2;1;
202100054641;104 121;B01;1;7;0;0;6;2;1;
202100054644;104 117;A01;1;31;12;0;6;1;1;
202100054726;103 969;A01;1;33;0;9;1;3;1;
202100054733;103 957;B01;2;7;0;2;1;1;1;
202100054733;103 958;A01;2;7;0;0;4;1;1;
202100054751;103 933;B01;1;33;0;2;1;5;1;
202100054751;103 934;A01;2;7;0;2;2;15;1;
202100054843;103 772;A01;1;7;0;1;1;1;1;
202100054844;103 770;B01;2;31;0;2;1;1;1;
202100054844;103 771;A01;2;7;0;2;2;15;1;
202100054845;103 768;B01;1;10;0;2;2;1;1;
202100054845;103 769;A01;1;7;0;2;8;10;1;
202100054846;103 766;A01;2;30;0;2;8;17;1;
202100054846;103 767;B01;2;7;0;2;1;15;1;
202100054975;103 547;A01;1;7;0;1;3;1;1;
202100055009;103 482;A01;2;7;0;2;2;2;1;
202100055009;103 483;B01;2;7;0;2;4;12;2;
202100055147;103 239;B01;2;7;0;2;3;15;1;
202100055147;103 240;A01;2;2;0;2;1;1;1;
202100055252;103 061;A01;1;7;0;1;3;0;1;
202100055270;103 023;A01;1;1;0;2;7;19;0;
202100055270;103 024;B01;1;7;0;2;1;1;1;
202100055434;102 765;A01;3;7;0;1;1;1;1;
202100055435;102 764;A01;1;7;1;0;2;1;1;
202100055601;102 473;A01;2;7;6;0;3;15;1;
202100055636;102 405;A01;2;7;13;0;9;15;1;
202100055654;102 374;A01;2;7;0;2;8;18;1;
202100055654;102 375;B01;2;31;0;2;7;1;1;
202100055717;102 269;A01;1;7;0;2;7;15;1;
202100055717;102 270;B01;2;33;0;2;1;1;1;
202100055742;102 226;A01;1;10;0;2;0;21;1;
202100055872;102 011;B01;3;7;0;9;2;1;1;
202100055872;102 012;A01;3;1;0;2;2;11;5;
202100055891;101 972;B01;1;7;0;2;1;1;1;
202100055891;101 973;A01;2;10;0;2;3;15;1;
202100056134;101 543;B01;1;2;0;2;8;1;1;
202100056134;101 544;A01;1;7;0;2;1;15;1;
202100056326;101 215;B01;1;2;0;2;0;0;1;
202100056326;101 216;A01;1;7;0;2;5;26;1;
202100056466;100 970;A01;1;7;0;1;2;1;1;